{
  "__version__": "1.0.3",
  "builder": {},
  "gizmos-infos": {
    "is2D": true,
    "is3DIcon": false,
    "iconSize": 2,
    "gridVisible": true,
    "originAxis2D": {
      "x_visible": true,
      "y_visible": true,
      "z_visible": false
    },
    "originAxis3D": {
      "x_visible": true,
      "y_visible": false,
      "z_visible": true
    },
    "gridColor": [
      166,
      166,
      166,
      255
    ],
    "transformToolName": "position",
    "pivot": "pivot",
    "coordinate": "local",
    "toolsVisibility3d": true
  },
  "snap-configs": {
    "position": {
      "x": 1,
      "y": 1,
      "z": 1
    },
    "rotation": 1,
    "scale": 1,
    "isPositionSnapEnabled": false,
    "isRotationSnapEnabled": false,
    "isScaleSnapEnabled": false
  },
  "rect-snap-configs": {
    "enableSnapping": true,
    "snapThreshold": 4
  },
  "float-window": {
    "position": {
      "cc": {
        "Camera": {
          "dock": false,
          "top": null,
          "bottom": 10,
          "left": null,
          "right": 10
        }
      }
    }
  },
  "camera-infos": {
    "3ea514a9-4d64-4efd-bf49-f7a76234f295": {
      "position": {
        "x": 53.102811036696416,
        "y": 73.10281103669642,
        "z": 73.10281103669641
      },
      "rotation": {
        "x": -0.27984814233312133,
        "y": 0.3647051996310009,
        "z": 0.11591689595929512,
        "w": 0.8804762392171493
      },
      "viewCenter": {
        "x": -10,
        "y": 10,
        "z": 10
      },
      "contentRect": {
        "x": 0,
        "y": 0,
        "width": 707,
        "height": 474
      },
      "scale": 1
    },
    "da3024bf-e45b-4962-848c-67fdc3356931": {
      "position": {
        "x": 27.915911873121196,
        "y": 27.915911873121193,
        "z": 27.915911873121185
      },
      "rotation": {
        "x": -0.27984814233312133,
        "y": 0.3647051996310009,
        "z": 0.11591689595929512,
        "w": 0.8804762392171493
      },
      "viewCenter": {
        "x": 0,
        "y": 0,
        "z": 0
      },
      "contentRect": {
        "x": 0,
        "y": 0,
        "width": 707,
        "height": 514
      },
      "scale": 1
    },
    "de681665-ecca-4ac6-8f32-563924799f2d": {
      "position": {
        "x": 480.00000000000006,
        "y": 320.00000000000006,
        "z": 5000
      },
      "rotation": {
        "x": 0,
        "y": 0,
        "z": 0,
        "w": 1
      },
      "viewCenter": {
        "x": 588.8535518242816,
        "y": 320.0000000000002,
        "z": -108.8535518242818
      },
      "contentRect": {
        "x": -468.6306439674316,
        "y": -268.00888230940046,
        "width": 1068,
        "height": 662
      },
      "scale": 0.5629166666666666
    }
  },
  "camera-uuids": [
    "3ea514a9-4d64-4efd-bf49-f7a76234f295",
    "da3024bf-e45b-4962-848c-67fdc3356931",
    "de681665-ecca-4ac6-8f32-563924799f2d"
  ],
  "camera": {
    "color": [
      48,
      48,
      48,
      255
    ],
    "fov": 45,
    "far": 10000,
    "near": 0.01,
    "wheelSpeed": 0.01,
    "wanderSpeed": 10,
    "enableAcceleration": true,
    "size": "__default_design__",
    "far2D": 10000,
    "near2D": 1,
    "wheelSpeed2D": 6,
    "iso": 0,
    "aperture": 19,
    "shutter": 7
  }
}
